"id","site","job_url","job_url_direct","title","company","location","date_posted","job_type","salary_source","interval","min_amount","max_amount","currency","is_remote","job_level","job_function","listing_type","emails","description","company_industry","company_url","company_logo","company_url_direct","company_addresses","company_num_employees","company_revenue","company_description","skills","experience_range","company_rating","company_reviews_count","vacancy_count","work_from_home_type"
"in-a3cc18c99055e286","indeed","https://www.indeed.com/viewjob?jk=a3cc18c99055e286","https://www.sofi.com/careers/sofi-university/7728718003?gh_jid=7728718003","Software Engineer, Commercial Banking","SoFi","Seattle, WA, US","2026-05-26","fulltime, internship","direct_data","yearly",92800.0,174000.0,"USD",True,"","","","accommodations@sofi.com","### **Description**

*Position at SoFi*

**Employee Applicant Privacy Notice**

**Who we are:**

Shape a brighter financial future with us.

Together with our members, we’re changing the way people think about and interact with personal finance.

We’re a next-generation financial services company and national bank using innovative, mobile-first technology to help our millions of members reach their goals. The industry is going through an unprecedented transformation, and we’re at the forefront. We’re proud to come to work every day knowing that what we do has a direct impact on people’s lives, with our core values guiding us every step of the way. **Join us to invest in yourself, your career, and the financial world.**

**The Role:**

SoFi is launching a brand-new commercial banking product and we’re looking for a Software Engineer to help build it.

Commercial Banking is SoFi’s entry into institutional commercial banking. We’re building infrastructure that enables institutional clients in crypto, fintech, and enterprise finance to manage their money at SoFi — including real-time payments, multi-account treasury management, and a 24/7/365 closed-loop settlement network.

As a Software Engineer on the Commercial Banking team, you’ll contribute to building core systems that power these experiences. You’ll work closely with senior engineers to implement scalable, reliable services, and gain exposure to complex distributed systems in a high-impact domain. This is a hands-on engineering role focused on building, learning, and growing backend engineering skills.

  

**What You’ll Do:**

* Develop solutions for product needs and user stories with minimal oversight
* Actively participate in code and design reviews
* Deliver resilient and scalable code
* Write clean, maintainable, and well-tested code in a JVM-based stack (Kotlin/Java, Spring Boot)
* Participate in code reviews and incorporate feedback to improve code quality
* Debug and troubleshoot issues in development and production environments with guidance from senior engineers
* Collaborate with senior engineers and teammates to understand system design decisions and implementation details
* Partner with Product, Design, and other engineering teams to deliver features
* Continuously improve technical skills and system understanding by seeking feedback and asking questions
* Contribute to team discussions and share ideas for improving systems and processes
* Participate in on-call rotations with support from the team
* Assist in investigating and resolving production issues
* Provide input on new initiatives and technological advancements
* Learn about new technologies, tools, and processes to build your skill set and shape your career

**What You’ll Need:**

* **You have graduated with a** ***Bachelor’s Degree*** **in Computer Science or a related major (Spring 2026 New Grads or within 1 year of graduation)**
* **You are available to start working immediately in June 2026**
* **Previous intern experience with software engineering is required**
* **No more than 12 months of professional full-time work experience (excluding internships and research assistant roles)**
* **Reside in the United States and attend a university in the US**
* Experience with JVM-based languages (Java or Kotlin) and frameworks like Spring Boot
* Basic understanding of distributed systems concepts (e.g., APIs, databases, service communication)
* Experience building or consuming APIs
* Expertise with any modern object-oriented programming languages, Java frameworks, REST APIs and relational databases is a great start
* Understanding of SQL and NoSQL database principles
* Willingness to roll up your sleeves, collaborate with others and get stuff done
* Solid sense of responsibility and ownership; driving a project from inception to completion
* Affinity for solving problems and diving deep into the details
* Good communication skills and willingness to learn from others
* Experience working in a collaborative coding environment, refining designs together, working through code reviews, and managing pull requests
* Works effectively with others to take initiative and build stable working relationships

  

**Nice to Have:**

* Exposure to financial systems, payments, or fintech products.
* Familiarity with event-driven systems or messaging platforms (e.g., Kafka).
* Experience working with workflow or orchestration tools.
* Understanding of reliability concepts like retries, idempotency, and fault tolerance.
* Interest in building scalable, high-availability systems.

**Why you'll love working here:**

> Internship Benefits: View Link

> Full Time University Grad Benefits: View Link

**Internship Highlights include:**

In addition to a unique and challenging professional experience, interns will also receive perks such as invites to Member events, and more!

* Personalized Mentorship Program
* Fully stocked kitchen (snacks & drinks)
* Access to senior leadership, including round tables with executives across all functions of SoFi

  

##### Pay range: $92,800.00 - $174,000.00 Payment frequency: Annual This role is also eligible for a bonus, long term incentives and competitive benefits. More information about our employee benefits can be found in the link above. SoFi provides equal employment opportunities (EEO) to all employees and applicants for employment without regard to race, color, religion (including religious dress and grooming practices), sex (including pregnancy, childbirth and related medical conditions, breastfeeding, and conditions related to breastfeeding), gender, gender identity, gender expression, national origin, ancestry, age (40 or over), physical or medical disability, medical condition, marital status, registered domestic partner status, sexual orientation, genetic information, military and/or veteran status, or any other basis prohibited by applicable state or federal law.

##### The Company hires the best qualified candidate for the job, without regard to protected characteristics.

##### Pursuant to the San Francisco Fair Chance Ordinance, we will consider for employment qualified applicants with arrest and conviction records.

##### New York applicants: Notice of Employee Rights

##### SoFi is committed to an inclusive culture. As part of this commitment, SoFi offers reasonable accommodations to candidates with physical or mental disabilities. If you need accommodations to participate in the job application or interview process, please let your recruiter know or email **accommodations@sofi.com.**

##### Due to insurance coverage issues, we are unable to accommodate remote work from Hawaii or Alaska at this time.","","https://www.indeed.com/cmp/Sofi","https://d2q79iu7y748jz.cloudfront.net/s/_squarelogo/256x256/26ebbc9a15e950d162a3c17cda3c0a48","https://www.sofi.com","San Francisco, CA","1,001 to 5,000","Decline to state","SoFi helps people achieve financial independence to realize their ambitions.","","","","","",""
"in-9bbc259d5f0bc67f","indeed","https://www.indeed.com/viewjob?jk=9bbc259d5f0bc67f","https://www.amazon.jobs/jobs/10423816/software-development-engineer-ii-time--attendance?cmpid=DA_INAD200785B","Software Development Engineer II, Time & Attendance","Amazon.com","Bellevue, WA, US","2026-05-06","fulltime","direct_data","yearly",143700.0,194400.0,"USD",False,"","","","","**DESCRIPTION**
---------------

Amazon is one of the largest employers on the planet with hundreds of thousands of employees across the globe. Come join us in our journey to deliver solutions for one of the most complex domains in People eXperience Technology (PXT). We own and deliver technology to manage employee time expectations and compute their pay, globally, for all our current and emerging businesses. At the core, we are in the business of analytics - real-time and event-driven - of data collected from IoT devices (time clocks) and web user interfaces. We own our own high-availability services to support this processing, and require the ability to work from replay-able, auditable ""truth"" for any point in an employee's timeline. Our business rules are complex and arcane, varying by role, business, and jurisdiction. We are solving all these problems at Amazon scale, an order of magnitude larger than supported by any commodity solutions and growing exponentially.  
  
You should be a passionate, results-oriented, experienced software engineer. If you thrive in a fast-paced environment, have a relentless focus on the customer experience and want to build something new rather than just maintain someone else’s code, then this role is for you. Successful candidates will be strong leaders who can prioritize well, communicate clearly, and have a consistent track record of delivery. The PXT business requires creative engineering balanced with high quality and customer focus. Professional traits that are not unique to this position, but necessary for Amazon leaders:  
  

* Exhibits excellent judgment
* Has relentlessly high standards (is never satisfied with the status quo)
* Is able to dive deep and is never out of touch with the details of the business or the technology
* Expects and requires innovation of their team
* Has passion and convictions and the innate ability to inspire passion in others
* Strong results orientation
* Thinks big

  
Key job responsibilities  

* Demonstrates proficiency in project delivery across full software development life cycle
* Leads feature development taking a customer focused approach and working backwards from customer requirements
* Focus on delivering highly scalable, available, and resilient software components
* Champions minimizing code complexities, reduce technical debts through appropriate design pattern
* Mentors SDE I and Interns and provide meaningful feedback to peers
* Participates in design reviews, both team and org level
* Identifies performance bottlenecks and find solutions to improve operational excellence

**BASIC QUALIFICATIONS**
------------------------

* 3+ years of non-internship professional software development experience
* 2+ years of non-internship design or architecture (design patterns, reliability and scaling) of new and existing systems experience
* 1+ years of software development engineer or related occupational experience
* 1+ years of designing and developing large-scale, multi-tiered, multi-threaded, embedded or distributed software applications, tools, systems, and services using: C#, C++, Java, or Perl experience
* 1+ years of Object Oriented Design experience
* Bachelor's degree or foreign equivalent in Computer Science, Engineering, Mathematics, or a related field
* Experience programming with at least one software programming language

**PREFERRED QUALIFICATIONS**
----------------------------

* 3+ years of full software development life cycle, including coding standards, code reviews, source control management, build processes, testing, and operations experience
* Bachelor's degree in computer science or equivalent

  
Amazon is an equal opportunity employer and does not discriminate on the basis of protected veteran status, disability, or other legally protected status.  
  
Our inclusive culture empowers Amazonians to deliver the best results for our customers. If you have a disability and need a workplace accommodation or adjustment during the application and hiring process, including support for the interview or onboarding process, please visit https://amazon.jobs/content/en/how-we-hire/accommodations for more information. If the country/region you’re applying in isn’t listed, please contact your Recruiting Partner.

The base salary range for this position is listed below. Your Amazon package will include sign-on payments and restricted stock units (RSUs). Final compensation will be determined based on factors including experience, qualifications, and location. Amazon also offers comprehensive benefits including health insurance (medical, dental, vision, prescription, Basic Life & AD&D insurance and option for Supplemental life plans, EAP, Mental Health Support, Medical Advice Line, Flexible Spending Accounts, Adoption and Surrogacy Reimbursement coverage), 401(k) matching, paid time off, and parental leave. Learn more about our benefits at https://amazon.jobs/en/benefits.

  
USA, WA, Bellevue - 143,700.00 - 194,400.00 USD annually","Internet And Software","https://www.indeed.com/cmp/Amazon.com","https://d2q79iu7y748jz.cloudfront.net/s/_squarelogo/256x256/3e9d43f5c277de169808abdcaf49ba2c","https://www.amazon.jobs","440 Terry Ave N, Seattle, WA, United States, Washington","10,000+","more than $10B (USD)","Our mission is to be Earth's most customer-centric company.","","","","","",""
"in-a4f8ec6d75d1283a","indeed","https://www.indeed.com/viewjob?jk=a4f8ec6d75d1283a","https://www.amazon.jobs/jobs/10378012/software-development-engineer-ii-timehub-scheduling-compliance?cmpid=DA_INAD200785B","Software Development Engineer II, TimeHub Scheduling Compliance","Amazon.com","Bellevue, WA, US","2026-03-18","fulltime","direct_data","yearly",143700.0,194400.0,"USD",False,"","","","","**DESCRIPTION**
---------------

Amazon is one of the largest employers on the planet with hundreds of thousands of employees across the globe. Come join us in our journey to deliver solutions for one of the most complex domains in People eXperience Technology (PXT). We own and deliver technology to manage employee time expectations and compute their pay, globally, for all our current and emerging businesses. At the core, we are in the business of analytics - real-time and event-driven - of data collected from IoT devices (time clocks) and web user interfaces. We own our own high-availability services to support this processing, and require the ability to work from replay-able, auditable ""truth"" for any point in an employee's timeline. Our business rules are complex and arcane, varying by role, business, and jurisdiction. We are solving all these problems at Amazon scale, an order of magnitude larger than supported by any commodity solutions and growing exponentially.  
  
You should be a passionate, results-oriented, experienced software engineer. If you thrive in a fast-paced environment, have a relentless focus on the customer experience and want to build something new rather than just maintain someone else’s code, then this role is for you. Successful candidates will be strong leaders who can prioritize well, communicate clearly, and have a consistent track record of delivery. The PXT business requires creative engineering balanced with high quality and customer focus. Professional traits that are not unique to this position, but necessary for Amazon leaders:  
  

* Exhibits excellent judgment
* Has relentlessly high standards (is never satisfied with the status quo)
* Is able to dive deep and is never out of touch with the details of the business or the technology
* Expects and requires innovation of their team
* Has passion and convictions and the innate ability to inspire passion in others
* Strong results orientation
* Thinks big

  
Key job responsibilities  
Demonstrates proficiency in project delivery across full software development life cycle  
  
Leads feature development taking a customer focused approach and working backwards from customer requirements  
  
Focus on delivering highly scalable, available, and resilient software components  
  
Champions minimizing code complexities, reduce technical debts through appropriate design pattern  
  
Mentors SDE I and Interns and provide meaningful feedback to peers  
  
Participates in design reviews, both team and org level  
  
Identifies performance bottlenecks and find solutions to improve operational excellence

**BASIC QUALIFICATIONS**
------------------------

* 3+ years of non-internship professional software development experience
* 2+ years of non-internship design or architecture (design patterns, reliability and scaling) of new and existing systems experience
* 1+ years of software development engineer or related occupational experience
* 1+ years of designing and developing large-scale, multi-tiered, multi-threaded, embedded or distributed software applications, tools, systems, and services using: C#, C++, Java, or Perl experience
* 1+ years of Object Oriented Design experience
* Bachelor's degree or foreign equivalent in Computer Science, Engineering, Mathematics, or a related field
* Experience programming with at least one software programming language

**PREFERRED QUALIFICATIONS**
----------------------------

* 3+ years of full software development life cycle, including coding standards, code reviews, source control management, build processes, testing, and operations experience
* Bachelor's degree in computer science or equivalent

  
Amazon is an equal opportunity employer and does not discriminate on the basis of protected veteran status, disability, or other legally protected status.  
  
Our inclusive culture empowers Amazonians to deliver the best results for our customers. If you have a disability and need a workplace accommodation or adjustment during the application and hiring process, including support for the interview or onboarding process, please visit https://amazon.jobs/content/en/how-we-hire/accommodations for more information. If the country/region you’re applying in isn’t listed, please contact your Recruiting Partner.

The base salary range for this position is listed below. Your Amazon package will include sign-on payments and restricted stock units (RSUs). Final compensation will be determined based on factors including experience, qualifications, and location. Amazon also offers comprehensive benefits including health insurance (medical, dental, vision, prescription, Basic Life & AD&D insurance and option for Supplemental life plans, EAP, Mental Health Support, Medical Advice Line, Flexible Spending Accounts, Adoption and Surrogacy Reimbursement coverage), 401(k) matching, paid time off, and parental leave. Learn more about our benefits at https://amazon.jobs/en/benefits.

  
USA, WA, Bellevue - 143,700.00 - 194,400.00 USD annually","Internet And Software","https://www.indeed.com/cmp/Amazon.com","https://d2q79iu7y748jz.cloudfront.net/s/_squarelogo/256x256/3e9d43f5c277de169808abdcaf49ba2c","https://www.amazon.jobs","440 Terry Ave N, Seattle, WA, United States, Washington","10,000+","more than $10B (USD)","Our mission is to be Earth's most customer-centric company.","","","","","",""
"li-4282006233","linkedin","https://www.linkedin.com/jobs/view/4282006233","","Machine Learning Engineer Intern (Data-Search-TikTok Recommendation Team) - 2026 Summer (BS/MS)","TikTok","Seattle, WA","2026-05-26","internship","","","","","",True,"internship","Engineering and Information Technology","","","**Responsibilities**
Team Introduction
  
  
Our Search Engineering Team is responsible for building and owning TikTok's search engine which can provide our users with the best search experience. In TikTok Search Team, you’ll have the opportunity to build full-stack search engine system and combine information retrieval technology with modern machine learning methods from related fields such as NLP, CV, and recommender system. We embrace a culture of self-direction, intellectual curiosity, openness, and problem-solving.
  
  
We are looking for talented individuals to join us for an internship in 2026. Internships at TikTok aim to offer students industry exposure and hands-on experience. Watch your ambitions become reality as your inspiration brings infinite opportunities at TikTok.
  
  
Internships at TikTok aim to provide students with hands-on experience in developing fundamental skills and exploring potential career paths. A vibrant blend of social events and enriching development workshops will be available for you to explore. Here, you will utilize your knowledge in real-world scenarios while laying a strong foundation for personal and professional growth. It runs for 12 weeks.
  
  
Candidates can apply to a maximum of two positions and will be considered for jobs in the order you apply. The application limit is applicable to TikTok and its affiliates' jobs globally. Applications will be reviewed on a rolling basis. We encourage you to apply as early as possible. Please state your availability clearly in your resume (Start date, End date).
  
  
**Summer Start Dates**

* May 11th, 2026
* May 18th, 2026
* May 26th, 2026
* June 8th, 2026
* June 22nd, 2026

Candidates can apply to a maximum of two positions and will be considered for jobs in the order you apply. The application limit is applicable to TikTok and its affiliates' jobs globally. Applications will be reviewed on a rolling basis - we encourage you to apply early.
  
  
This internship provides students the opportunity to join one of our engineering teams where you will have the opportunity to:
  
  
Participate in the improvement of the search core algorithm, possible directions include:
  
  

* Content understanding: Applying the industry's cutting-edge NLP and CV technology and leveraging LLM to match the most relevant videos for each search query, and continuously improve the relevance of TikTok search.
* User Behavior Modeling: solving the recommendation problem in search, let TikTok search increase the ability of personalization on the basis of ""relevant"", and understand users better.
* Video understanding: comprehensive use of NLP, CV, as well as LLM for better video understanding from the perspective of the video itself and social network, improve authority, credibility, and usefulness of search results.

**Qualifications**
Minimum Qualifications:
  
  

* Must be able to commit to a 12-week full-time work period during Summer or Fall 2026.
* Currently pursuing a Bachelor's or Master's in Software Development, Computer Science, Computer Engineering, or a related technical discipline.
* Proficient coding skills and strong algorithm & data structure basis.
* Effective communication and teamwork skills.
* Experience in one or more of the following areas: NLP, Ranking, Ads, search engine, recommender system, distributed system, and machine learning.

Preferred Qualifications
  
  

* Demonstrated software engineering experience from previous internship, work experience, coding competitions, or publications.
* High levels of creativity and quick problem-solving capabilities.

Privacy Statement
  
  
By submitting an application for this role, you accept and agree to our global applicant privacy policy, which may be accessed here: https://careers.tiktok.com/legal/privacy
  
  
AMS Compliance Issue - Incorrect U.S. Local National Hire Statement - Statement should be ""As a condition of employment, all successful candidates must be able to establish authorization to work in the United States. For this position, the Company does not provide sponsorship or any immigration-related benefits.""
  
  
Job Information
  
  
【For Pay Transparency】Compensation Description (Hourly) - Campus Intern
  
  
The hourly rate range for this position in the selected city is $42.75- $42.75.
  
  
Benefits may vary depending on the nature of employment and the country work location. Interns have day one access to health insurance, life insurance, wellbeing benefits and more. Interns also receive 10 paid holidays per year and paid sick time (56 hours if hired in first half of year, 40 if hired in second half of year). Interns who are not working 100% remote may also be eligible for housing allowance.
  
  
The Company reserves the right to modify or change these benefits programs at any time, with or without notice.
  
  
**For Los Angeles County (unincorporated) Candidates**
Qualified applicants with arrest or conviction records will be considered for employment in accordance with all federal, state, and local laws including the Los Angeles County Fair Chance Ordinance for Employers and the California Fair Chance Act. Our company believes that criminal history may have a direct, adverse and negative relationship on the following job duties, potentially resulting in the withdrawal of the conditional offer of employment:
  
  

* Interacting and occasionally having unsupervised contact with internal/external clients and/or colleagues;
* Appropriately handling and managing confidential information including proprietary and trade secret information and access to information technology systems; and
* Exercising sound judgment.

**About TikTok**
TikTok is the leading destination for short-form mobile video. At TikTok, our mission is to inspire creativity and bring joy. TikTok's global headquarters are in Los Angeles and Singapore, and we also have offices in New York City, London, Dublin, Paris, Berlin, Dubai, Jakarta, Seoul, and Tokyo.
  
  
Why Join Us
  
  
Inspiring creativity is at the core of TikTok's mission. Our innovative product is built to help people authentically express themselves, discover and connect – and our global, diverse teams make that possible. Together, we create value for our communities, inspire creativity and bring joy - a mission we work towards every day.
  
  
We strive to do great things with great people. We lead with curiosity, humility, and a desire to make impact in a rapidly growing tech company. Every challenge is an opportunity to learn and innovate as one team. We're resilient and embrace challenges as they come. By constantly iterating and fostering an ""Always Day 1"" mindset, we achieve meaningful breakthroughs for ourselves, our company, and our users. When we create and grow together, the possibilities are limitless. Join us.
  
  
Diversity & Inclusion
  
  
TikTok is committed to creating an inclusive space where employees are valued for their skills, experiences, and unique perspectives. Our platform connects people from across the globe and so does our workplace. At TikTok, our mission is to inspire creativity and bring joy. To achieve that goal, we are committed to celebrating our diverse voices and to creating an environment that reflects the many communities we reach. We are passionate about this and hope you are too.
  
  
TikTok Accommodation
  
  
TikTok is committed to providing reasonable accommodations in our recruitment processes for candidates with disabilities, pregnancy, sincerely held religious beliefs or other reasons protected by applicable laws. If you need assistance or a reasonable accommodation, please reach out to us at https://tinyurl.com/RA-request","Entertainment Providers","https://www.linkedin.com/company/tiktok","https://media.licdn.com/dms/image/v2/D560BAQHYzDOZhwEZ7Q/company-logo_100_100/B56Zl_CaXSIAAU-/0/1758772964879/tiktok_logo?e=2147483647&v=beta&t=pOXL9bnyBOPMlI34LzNiPIxaX9lk7ry0r40olePnSGE","","","","","","","","","","",""
"li-4419517103","linkedin","https://www.linkedin.com/jobs/view/4419517103","","Software Engineer II","Chewy","Bellevue, WA","2026-05-26","fulltime","description","yearly",120000.0,190000.0,"USD",False,"mid-senior level","Engineering and Information Technology","","CAAR@chewy.com","**Job Description**
**Our Opportunity:**
Chewy is looking for a
**Software Engineer**
to join our Supply Chain Simulation technology team. In this role, you will combine an understanding of software development, simulation, and data transformation. As a Software Engineer, you will play a meaningful part in crafting, implementing, and deploying data and simulation systems to support our business and address critical problems for our Fulfillment Operations. The ideal candidate will understand our business goals, collaborate across cross functional teams, innovate rapidly, and deliver high-quality and high-value functionality. You will have the chance to create and develop Data, Optimization and Simulation solutions best suited for different business problems and build engineering pipelines to streamline model deployment and testing. Does this sound like you? If so, we would love to hear from you!
  
  
**What You’ll Do**

* Design, develop and implement highly performant optimization systems with large data volumes.
* Collaborate with multi-functional teams, including data scientists, software engineers, and domain experts, to understand requirements and deliver effective solutions.
* Solve data quality issues and identify root causes.
* Write clean, maintainable, and efficient code following procedures in software engineering. Adhere to test-driven development and ensure that all code undergoes rigorous peer review.
* Debug critical hard-to-solve production issues across services and tech stacks.
* Advocate for and implement software engineering protocols, including version control, code reviews, unit testing, and continuous integration / continuous deployment (CI/CD) pipelines.

**What You’ll Need**

* Bachelor's degree (Computer Science or similar technical field of study preferred), or equivalent work experience.
* 3+ years of professional software development experience building distributed and highly performant systems.
* Strong proficiency in Python and SQL.
* Excellent problem-solving skills and the ability to work independently in a fast-paced environment.
* Proven ability to analyze business requirements and translate them into code.
* Experience building high-quality systems, including unit testing and continuous integration / continuous deployment (CI/CD) pipelines.
* Excellent oral and written communication skills including collaboration with both technical and non-technical customers.
* Strong time management and organizational skills.
* Team-oriented and have a customer first approach.

**Bonus**

* Experience with AWS Cloud Technologies.
* Experience with containerization & orchestration tools (e.g. Docker, Kubernetes) and Infrastructure as Code tools (e.g., Terraform, CloudFormation).
* Experience in Supply-chain and/or exposure with Operational Research space.

The base salary range for this role is $120,000 - $190,000.00.
  
  

* The specific salary offered to a candidate may be influenced by a variety of factors including but not limited to the candidate’s relevant experience, education, and work location. In addition, this position is eligible for 401k and a new hire and annual equity grant. C08+ positions may also be eligible for annual bonus.

We offer different types of insurance and benefits, such as medical/Rx, vision, dental, life, disability, hospital indemnity, critical illness, and accident. We offer parental leave, family services benefits, backup dependent care, flexible spending accounts, telemedicine, pet adoption reimbursement, employee assistance program, and many discounts including 10% off pet insurance and 20% off at Chewy.com.
  
  
Exempt salary team members have unlimited PTO, subject to manager approval. Team members will receive six paid holidays per year. Team members may be eligible for paid sick and family leave in compliance with applicable state and local regulations.
  
  
Chewy is an equal opportunity employer. All qualified applicants will receive consideration for employment without regard to race, color, ancestry, national origin, gender, citizenship, marital status, religion, age, disability, gender identity, results of genetic testing, veteran status, as well as any other legally-protected characteristic. If you have a disability under the Americans with Disabilities Act or similar law, and you need an accommodation during the application process or to perform these job requirements, or if you need a religious accommodation, please contact CAAR@chewy.com.
  
  
To access Chewy's California CPRA Job Applicant Privacy Policy, please click here.","Retail","https://www.linkedin.com/company/chewy-com","https://media.licdn.com/dms/image/v2/C4D0BAQGLd0ulL8wFyw/company-logo_100_100-alternative/company-logo_100_100-alternative/0/1630503623613/chewy_com_logo?e=2147483647&v=beta&t=SQKMozrYAgpqT31b1TIeUSi-sTt-P6nCpPt1MSiKVYw","","","","","","","","","","",""
"li-4418203886","linkedin","https://www.linkedin.com/jobs/view/4418203886","","System Software Engineer - Performance","NVIDIA","Redmond, WA","2026-05-26","fulltime","","","","","",False,"entry level","Engineering","","","NVIDIA has been transforming computer graphics, PC gaming, and accelerated computing for more than 25 years. It’s a unique legacy of innovation that’s fueled by great technology—and amazing people. Today, we’re tapping into the unlimited potential of AI to define the next era of computing. An era in which our tightly coupled CPU, GPU and DPU technology acts as the brains of computers, robots, and self-driving cars that can understand the world. Doing what’s never been done before takes vision, innovation, and the world’s best talent. As an NVIDIAN, you’ll be immersed in a diverse, supportive environment where everyone is inspired to do their best work. Come join the team and see how you can make a lasting impact on the world!
  
  
NVIDIA is searching for a highly motivated, technical engineer to join the Tegra system-on-chip (SoC) software organization. You will work on key aspects of our ARM SW ecosystem and system software architecture. With a targeted charter to enable best-in-class datacenter-scale performance and efficiency for our next generation of datacenter products, including CPUs and CPU+GPU Superchips.
  
  
**What You Will Be Doing**

* Design, develop, test, and optimize software for our next-generation SoCs, in both pre-silicon and post-silicon phases of execution.
* Analyze and identify performance bottlenecks in the SOC.
* Using strong communication skills, analysis documents and communications to internal and/or external audiences about our technology.
* Competitive analysis comparing uArchitecture & workload performance metrics on NVIDIA's ARM SoCs against emerging processors from other silicon vendors.
* Develop tools and use benchmarks to analyze performance

**What We Need To See**

* BS or MS degree in Computer Engineering, Computer Science, or related degree (or equivalent experience).
* 2+ years of relevant computer architecture or SW development experience.
* Hands on technical experience and demonstrated excellence in an environment with complex software and hardware designs.
* Strong understanding of multicore hardware, operating systems design, concurrency, virtual memory, caching, interrupts, device drivers and real-time programming.
* Experience in performance analysis, data analysis and performance optimization.

**Ways To Stand Out From The Crowd**

* Expertise in ARM architecture and SW ecosystem.
* Proficient in analyzing, debugging and tuning performance of complex system software stacks.
* Experience with CPU server system workloads and performance analysis.
* Familiarity with CUDA programming and/or GPUs.
* Experience with HPC or large-scale computing environments.

Widely considered to be one of the technology world’s most desirable employers, NVIDIA offers highly competitive salaries and a comprehensive benefits package. As you plan your future, see what we can offer to you and your family www.nvidiabenefits.com/
  
  
Your base salary will be determined based on your location, experience, and the pay of employees in similar positions. The base salary range is 124,000 USD - 195,500 USD.
  
  
You will also be eligible for equity and benefits.
  
  
Applications for this job will be accepted at least until May 28, 2026.
  
  
This posting is for an existing vacancy.
  
  
NVIDIA uses AI tools in its recruiting processes.
  
  
NVIDIA is committed to fostering a diverse work environment and proud to be an equal opportunity employer. As we highly value diversity in our current and future employees, we do not discriminate (including in our hiring and promotion practices) on the basis of race, religion, color, national origin, gender, gender expression, sexual orientation, age, marital status, veteran status, disability status or any other characteristic protected by law.
  
  
, , JR2018651","Computer Hardware Manufacturing","https://www.linkedin.com/company/nvidia","https://media.licdn.com/dms/image/v2/D560BAQGV36q2EowSyw/company-logo_100_100/company-logo_100_100/0/1724881581208/nvidia_logo?e=2147483647&v=beta&t=oCxt8kGhi0AfLuVDY7D_jzkUIEe-fAV5Q5eLaRxXzOE","","","","","","","","","","",""
"li-4341049671","linkedin","https://www.linkedin.com/jobs/view/4341049671","","Robotics - Software Development Engineer Intern/Co-op - 2026","Amazon","Bellevue, WA","2026-05-25","fulltime","","","","","",False,"mid-senior level","Information Technology, Consulting, and Engineering","","","**Description**
Do you want to solve real customer problems through innovative technology? Do you enjoy working on scalable services in a collaborative team environment? Do you want to see your code directly impact millions of customers worldwide?
  
  
At Amazon, we hire the best minds in technology to innovate and build on behalf of our customers. Customer obsession is part of our company DNA, which has made us one of the world's most beloved brands.
  
  
Our Software Development Engineers (SDEs) use modern technology to solve complex problems while seeing their work's impact first-hand. The challenges SDEs solve at Amazon are meaningful and influence millions of customers, sellers, and products globally. We seek individuals passionate about creating new products, features, and services while managing ambiguity in an environment where development cycles are measured in weeks, not years.
  
  
At Amazon, we believe in ownership at every level. As an SDE-I, you'll own the entire lifecycle of your code - from design through deployment and ongoing operations. This ownership mindset, combined with our commitment to operational excellence, ensures we deliver the highest quality solutions for our customers.
  
  
We're looking for curious minds who think big and want to define tomorrow's technology. At Amazon, you'll grow into the high-impact engineer you know you can be, supported by a culture of learning and mentorship. Every day brings exciting new challenges and opportunities for personal growth.
  
  
Amazon internships across all seasons are full-time positions, and intern/co-ops should expect to work in office, Monday-Friday, up to 40 hours per week typically between 8am-5pm. Specific team norms around working hours will be communicated by your manager. Interns should not have conflicts such as classes or other employment during the Amazon work-day. Applicants should have a minimum of one quarter/semester/trimester remaining in their studies after their internship concludes.
  
  
Please note that by applying to this role you would be considered for Software Development Engineer summer intern and spring/fall co-op roles on various Robotics teams. You will be able to provide your preference of location and start date during the application process but, we cannot guarantee that we can meet your selection based on several factors including but not limited to the availability and business needs of this role. Finalization on the location and start dates available will be provided to you at the time of job offer.
  
  
Key job responsibilities
  
  

* Collaborate and communicate effectively with experienced cross-disciplinary Amazonians to design, build, and operate innovative products and services that delight our customers, while participating in technical discussions to drive solutions forward.
* Design and develop scalable solutions using cloud-native architectures and microservices in a large distributed computing environment.
* Participate in code reviews and contribute to technical documentation.
* Build and maintain resilient distributed systems that are scalable, fault-tolerant, and cost-effective.
* Leverage and contribute to the development of GenAI and AI-powered tools to enhance development productivity while staying current with emerging technologies.
* Write clean, maintainable code following best practices and design patterns.
* Work in an agile environment practicing CI/CD principles while participating in operational responsibilities including on-call duties.
* Demonstrate operational excellence through monitoring, troubleshooting, and resolving production issues.
* Design, develop and test software components that interact with fulfillment center technologies, such as robotics, material handling equipment, computer vision, and cloud services.

A day in the life
  
  
As an SDE intern/co-op, you will be matched to a manager and a mentor and will have the opportunity to influence the evolution of Amazon technology and lead critical projects early in your career.
  
  
In addition to working on an impactful project, you will have the opportunity to engage with Amazonians for both personal and professional development, expand your network, and participate in activities with other interns/co-ops throughout your internship. No matter the location of your internship/co-op, we give you the tools to own your project and learn in a real-world setting.
  
  
**About The Team**
Learn more about Robotics at Amazon:
  
  
https://amazon.jobs/en/teams/amazon-robotics
  
  
https://www.aboutamazon.com/news/operations/amazon-robotics-robots-fulfillment-center
  
  
https://www.aboutamazon.com/news/operations/amazon-million-robots-ai-foundation-model
  
  
**Basic Qualifications**

* Are 18 years of age or older
* Are enrolled in a Bachelor's degree or above in Computer Science, Computer Engineering, Data Science, Information Systems, or related STEM fields
* Experience with at least one general-purpose programming language such as Java, Python, C++, C#, Go, Rust, or TypeScript
* Experience with data structure implementation, basic algorithm development, and/or object-oriented design principles

**Preferred Qualifications**

* Experience from previous technical internship(s) or demonstrated project experience
* Experience with Cloud platforms (preferably AWS), database systems (SQL and NoSQL), AI tools for development productivity, contributing to open-source projects, and/or version control systems
* Strong problem-solving and analytical skills; Excellent written and verbal communication skills
* Demonstrated ability to learn and adapt to new technologies quickly
* Basic understanding of software development lifecycle (SDLC)
* Experience within Robotics, Computer Vision, Machine Learning, Optimization, Manipulation, Perception, Motion Planning and Controls, Movement, Autonomous Navigation, Path Planning, or related

Amazon is an equal opportunity employer and does not discriminate on the basis of protected veteran status, disability, or other legally protected status.
  
  
Los Angeles County applicants: Job duties for this position include: work safely and cooperatively with other employees, supervisors, and staff; adhere to standards of excellence despite stressful conditions; communicate effectively and respectfully with employees, supervisors, and staff to ensure exceptional customer service; and follow all federal, state, and local laws and Company policies. Criminal history may have a direct, adverse, and negative relationship with some of the material job duties of this position. These include the duties and responsibilities listed above, as well as the abilities to adhere to company policies, exercise sound judgment, effectively manage stress and work safely and respectfully with others, exhibit trustworthiness and professionalism, and safeguard business operations and the Company’s reputation. Pursuant to the Los Angeles County Fair Chance Ordinance, we will consider for employment qualified applicants with arrest and conviction records.
  
  
Our inclusive culture empowers Amazonians to deliver the best results for our customers. If you have a disability and need a workplace accommodation or adjustment during the application and hiring process, including support for the interview or onboarding process, please visit https://amazon.jobs/content/en/how-we-hire/accommodations for more information. If the country/region you’re applying in isn’t listed, please contact your Recruiting Partner.
  
  
The starting pay for this position is listed below. Final starting pay will be based on factors including experience, qualifications, and location. Starting Day 1 of employment, Amazon offers EAP, Mental Health Support, Medical Advice Line, 401(k) matching. Learn more about our benefits at https://hiring.amazon.com/why-amazon/benefits.
  
  
USA, CA, Sunnyvale - 127,100.00 - 185,000.00 USD annually
  
  
USA, MA, North Reading - 110,500.00 - 160,000.00 USD annually
  
  
USA, MA, Westboro - 110,500.00 - 160,000.00 USD annually
  
  
USA, TN, Nashville - 105,000.00 - 156,000.00 USD annually
  
  
USA, TX, Austin - 110,500.00 - 160,000.00 USD annually
  
  
USA, VA, Arlington - 110,500.00 - 160,000.00 USD annually
  
  
USA, WA, Bellevue - 110,500.00 - 160,000.00 USD annually
  
  
USA, WA, Seattle - 110,500.00 - 160,000.00 USD annually
  
  
  
**Company**
- Amazon.com Services LLC
  
  
Job ID: A3136266","Software Development","https://www.linkedin.com/company/amazon","https://media.licdn.com/dms/image/v2/D560BAQGDLy4STCnHbg/company-logo_100_100/B56ZnZxDipI0AQ-/0/1760295142304/amazon_logo?e=2147483647&v=beta&t=qIUP7OofXIuuuVACb5ToeWH9PHXrPYsS8jsTZ3Q0sUg","","","","","","","","","","",""
"li-4387548332","linkedin","https://www.linkedin.com/jobs/view/4387548332","","Intern - Full Stack Software Engineering","Scowtt","Seattle, WA","","internship","description","hourly",25.0,45.0,"USD",True,"internship","Engineering and Information Technology","","","**Intern - Full-Stack Software Engineering**
**About Scowtt**
Scowtt is an early-stage startup transforming the way businesses convert leads into customers through AI/ML marketing optimization and fully autonomous sales experiences. By integrating CRM, web signals, and product interaction data into a real-time conversion model, we help businesses turn interest into action—immediately. We’re growing fast, and onboarding new customers quickly and cleanly is core to our success.
  
  
**About The Role**
We are looking for a motivated and self-driven rising senior, interested and specializing in Full-Stack Software Development to join our diverse team. In this Hybrid or remote role, you may get an opportunity to contribute to the development, deployment, and maintenance of high-quality software solutions. This is an excellent opportunity for someone eager to learn how to develop production grade Software Products in a collaborative, fast-paced environment where your unique background and ideas are valued.
  
  
**What You’ll Do**

* Design, develop, and maintain full-stack applications using Node.js, React/Next.js, and TypeScript.
* Build and consume REST APIs and implement secure integrations using OAuth and industry-standard authentication practices
* Collaborate with the team to integrate AI agents with external tools like Salesforce, HubSpot, and Twilio.
* Contribute to the development of scalable solutions on AWS, utilizing technologies such as Lambda, Amplify, SQS, DynamoDB, and PostgreSQL.
* Debug, optimize, and enhance application performance.
* Stay up to date with emerging technologies and best practices in software development.
* Follow and enforce security best practices, including secure coding, proper handling of sensitive data, authentication/authorization controls, and compliance with company security policies

**Qualifications**
**Must Have**

* You must be a Rising Senior studying at undergrad or grad levels in a reputed university, specializing in Computer Science, ML, Data Science, or equivalent
* 0-2 years of experience in data structures, algorithms through employment, coursework, projects or internships
* 0-2 years of experience with developing software using technologies like Node.js, React/Next.js, TypeScript through employment, coursework, projects or internships
* You must be eligible to work in the US for any employer. We are open to consider future visa sponsorship requirements.

**Should Have**

* Knowledge of REST APIs, OAuth, and integration with external APIs
* Curiosity, ownership mindset, and eagerness to learn

**Nice to Have**

* Exposure to cloud platforms (GCP or AWS)
* Lambda, Amplify, SQS, DynamoDB, PostgreSQL
* Familiarity with tools like BigQuery, notebooks, or basic data pipelines
* Familiarity with the AI Agent development

**Pay Range And Compensation Package**
US Pay range for this position is $25 - $45 Hourly.
  
  
**Equal Opportunity & E-Verify Employer**
Scowtt is an Equal Opportunity Employer. All qualified applicants will receive consideration for employment without regard to race, color, religion, sex, sexual orientation, gender identity, national origin, age, disability, or veteran status. We are committed to providing a workplace free of discrimination and harassment.
  
  
This employer participates in E-Verify and will provide the federal government with your Form I-9 information to confirm that you are authorized to work in the U.S. For more information, please visit www.e-verify.gov.","Technology, Information and Internet","https://www.linkedin.com/company/scowtt","https://media.licdn.com/dms/image/v2/D560BAQFzuvEjtER_GQ/company-logo_100_100/B56Zpz59fWI0AQ-/0/1762881166296/scowtt_logo?e=2147483647&v=beta&t=nDdWqiVQV7h8z7LYA8wfef_UT-jAF3KTzCwsT8_vv-0","","","","","","","","","","",""
"li-4274682122","linkedin","https://www.linkedin.com/jobs/view/4274682122","","Software Engineer Intern (Data Ecosystem) - 2026 Summer (BS/MS)","TikTok","Seattle, WA","","internship","","","","","",True,"internship","Engineering and Information Technology","","","**Responsibilities**
The TikTok Data Ecosystem Team has the vital role of crafting and implementing a storage solution for offline data in TikTok's recommendation system, which caters to more than a billion users. Their primary objectives are to guarantee system reliability, uninterrupted service, and seamless performance. They aim to create a storage and computing infrastructure that can adapt to various data sources within the recommendation system, accommodating diverse storage needs. Their ultimate goal is to deliver efficient, affordable data storage with easy-to-use data management tools for the recommendation, search, and advertising functions.
  
  
We are looking for talented individuals to join us for an internship in 2026. Internships at TikTok aim to offer students industry exposure and hands-on experience. Turn your ambitions into reality as your inspiration brings infinite opportunities at TikTok.
  
  
Internships at TikTok aim to provide students with hands-on experience in developing fundamental skills and exploring potential career paths. A vibrant blend of social events and enriching development workshops will be available for you to explore. Here, you will utilize your knowledge in real-world scenarios while laying a strong foundation for personal and professional growth. It runs for 12 weeks.
  
  
Candidates can apply to a maximum of two positions and will be considered for jobs in the order you apply. The application limit is applicable to TikTok and its affiliates' jobs globally. Applications will be reviewed on a rolling basis. We encourage you to apply as early as possible. Please state your availability clearly in your resume (Start date, End date).
  
  
**Summer Start Dates:**

* May 11th, 2026
* May 18th, 2026
* May 26th, 2026
* June 8th, 2026
* June 22nd, 2026

**Responsibilities**

* Design and implement real-time and offline data architecture for large-scale recommendation systems.
* Build scalable and high-performance streaming Lakehouse systems that power feature pipelines, model training, and real-time inference.
* Collaborate with ML platform teams to support PyTorch-based model training workflows and design efficient data formats and access patterns for large-scale samples and features.
* Own core components of our distributed storage and processing stack, from file format to stream compaction to metadata management.

**Qualifications**
Minimum Qualifications:
  
  

* Currently pursuing an Undergraduate/Master in Computer Science or a related technical discipline
* Able to commit to working for 12 weeks during Summer 2026
* Must obtain work authorization in country of employment at the time of hire, and maintain ongoing work authorization during employment.
* Familiarity with modern Lakehouse technologies such as Apache Paimon, Iceberg, Delta Lake, or Hudi, especially around incremental ingestion, schema evolution, and snapshot isolation.

Preferred Qualifications
  
  

* Experience in designing and optimizing Flink + Paimon architectures for unified batch/stream processing.
* Familiarity with feature storage and training data pipelines, and their integration with PyTorch, especially for large-scale model training.
* Knowledge of columnar file formats (Parquet, ORC, Lance) and how they are used in feature engineering or ML data loading.
* Proficiency in Java/Scala/C++, and strong debugging/performance tuning ability.
* Previous experience in Lakehouse metadata management, compaction scheduling, or data versioning is a plus.
* Solid understanding of Apache Flink internals, with hands-on experience in state management, connectors, or UDFs.

By submitting an application for this role, you accept and agree to our global applicant privacy policy, which may be accessed here: https://careers.tiktok.com/legal/privacy
  
  
Job Information
  
  
【For Pay Transparency】Compensation Description (Hourly) - Campus Intern
  
  
The hourly rate range for this position in the selected city is $42.75- $42.75.
  
  
Benefits may vary depending on the nature of employment and the country work location. Interns have day one access to health insurance, life insurance, wellbeing benefits and more. Interns also receive 10 paid holidays per year and paid sick time (56 hours if hired in first half of year, 40 if hired in second half of year). Interns who are not working 100% remote may also be eligible for housing allowance.
  
  
The Company reserves the right to modify or change these benefits programs at any time, with or without notice.
  
  
**For Los Angeles County (unincorporated) Candidates:**
Qualified applicants with arrest or conviction records will be considered for employment in accordance with all federal, state, and local laws including the Los Angeles County Fair Chance Ordinance for Employers and the California Fair Chance Act. Our company believes that criminal history may have a direct, adverse and negative relationship on the following job duties, potentially resulting in the withdrawal of the conditional offer of employment:
  
  

* Interacting and occasionally having unsupervised contact with internal/external clients and/or colleagues;
* Appropriately handling and managing confidential information including proprietary and trade secret information and access to information technology systems; and
* Exercising sound judgment.

**About TikTok**
TikTok is the leading destination for short-form mobile video. At TikTok, our mission is to inspire creativity and bring joy. TikTok's global headquarters are in Los Angeles and Singapore, and we also have offices in New York City, London, Dublin, Paris, Berlin, Dubai, Jakarta, Seoul, and Tokyo.
  
  
Why Join Us
  
  
Inspiring creativity is at the core of TikTok's mission. Our innovative product is built to help people authentically express themselves, discover and connect – and our global, diverse teams make that possible. Together, we create value for our communities, inspire creativity and bring joy - a mission we work towards every day.
  
  
We strive to do great things with great people. We lead with curiosity, humility, and a desire to make impact in a rapidly growing tech company. Every challenge is an opportunity to learn and innovate as one team. We're resilient and embrace challenges as they come. By constantly iterating and fostering an ""Always Day 1"" mindset, we achieve meaningful breakthroughs for ourselves, our company, and our users. When we create and grow together, the possibilities are limitless. Join us.
  
  
Diversity & Inclusion
  
  
TikTok is committed to creating an inclusive space where employees are valued for their skills, experiences, and unique perspectives. Our platform connects people from across the globe and so does our workplace. At TikTok, our mission is to inspire creativity and bring joy. To achieve that goal, we are committed to celebrating our diverse voices and to creating an environment that reflects the many communities we reach. We are passionate about this and hope you are too.
  
  
TikTok Accommodation
  
  
TikTok is committed to providing reasonable accommodations in our recruitment processes for candidates with disabilities, pregnancy, sincerely held religious beliefs or other reasons protected by applicable laws. If you need assistance or a reasonable accommodation, please reach out to us at https://tinyurl.com/RA-request","Entertainment Providers","https://www.linkedin.com/company/tiktok","https://media.licdn.com/dms/image/v2/D560BAQHYzDOZhwEZ7Q/company-logo_100_100/B56Zl_CaXSIAAU-/0/1758772964879/tiktok_logo?e=2147483647&v=beta&t=pOXL9bnyBOPMlI34LzNiPIxaX9lk7ry0r40olePnSGE","","","","","","","","","","",""
"li-4239751746","linkedin","https://www.linkedin.com/jobs/view/4239751746","","Software Development Engineer, AWS Compute Services","Amazon Web Services (AWS)","Seattle, WA","","fulltime","description","yearly",143700.0,194400.0,"USD",False,"mid-senior level","Information Technology, Consulting, and Engineering","","","**Description**
Application deadline: Applications will be accepted on an ongoing basis
  
  
Serverless Compute (https://aws.amazon.com/serverless/?nc2=type\\_a) is changing the way we think about computing in the cloud. Serverless computing offers customers an exciting new way to create applications, turn business logic and application code into scalable, fault-tolerant production systems without requiring them to be experts in distributed systems, deployment technologies, and infrastructure management. AWS offers technologies for running code, managing data, and integrating applications, all without managing servers.
  
  
In this role you will work with team to build the new generic platform by using latest AWS technologies. You will solve interesting technical challenges with creative ideas in the domain combined by event driven application and Serverless technologies. You will build features for the distributed and large-scale system which will handle billions or trillions transactions. You have opportunities to re-shape the experience of Serverless development.
  
  
10017
  
  
A day in the life
  
  
Why AWS
  
  
Amazon Web Services (AWS) is the world’s most comprehensive and broadly adopted cloud platform. We pioneered cloud computing and never stopped innovating — that’s why customers from the most successful startups to Global 500 companies trust our robust suite of products and services to power their businesses.
  
  
\\*\\*Diverse Experiences\\*\\*
  
  
Amazon values diverse experiences. Even if you do not meet all of the preferred qualifications and skills listed in the job description, we encourage candidates to apply. If your career is just starting, hasn’t followed a traditional path, or includes alternative experiences, don’t let it stop you from applying.
  
  

* Work/Life Balance\\* \\*

We value work-life harmony. Achieving success at work should never come at the expense of sacrifices at home, which is why we strive for flexibility as part of our working culture. When we feel supported in the workplace and at home, there’s nothing we can’t achieve in the cloud.
  
  
\\*\\*Mentorship and Career Growth\\*\\*
  
  
We’re continuously raising our performance bar as we strive to become Earth’s Best Employer. That’s why you’ll find endless knowledge-sharing, mentorship and other career-advancing resources here to help you develop into a better-rounded professional.
  
  
**About The Team**
\\*Utility Computing (UC)\\*
  
  
AWS Utility Computing (UC) provides product innovations — from foundational services such as Amazon’s Simple Storage Service (S3) and Amazon Elastic Compute Cloud (EC2), to consistently released new product innovations that continue to set AWS’s services and features apart in the industry. As a member of the UC organization, you’ll support the development and management of Compute, Database, Storage, Internet of Things (Iot), Platform, and Productivity Apps services in AWS, including support for customers who require specialized security solutions for their cloud services.
  
  
**Basic Qualifications**

* 3+ years of non-internship professional software development experience
* 2+ years of non-internship design or architecture (design patterns, reliability and scaling) of new and existing systems experience
* Experience programming with at least one software programming language

**Preferred Qualifications**

* 3+ years of full software development life cycle, including coding standards, code reviews, source control management, build processes, testing, and operations experience
* Bachelor's degree in computer science or equivalent

Amazon is an equal opportunity employer and does not discriminate on the basis of protected veteran status, disability, or other legally protected status.
  
  
Los Angeles County applicants: Job duties for this position include: work safely and cooperatively with other employees, supervisors, and staff; adhere to standards of excellence despite stressful conditions; communicate effectively and respectfully with employees, supervisors, and staff to ensure exceptional customer service; and follow all federal, state, and local laws and Company policies. Criminal history may have a direct, adverse, and negative relationship with some of the material job duties of this position. These include the duties and responsibilities listed above, as well as the abilities to adhere to company policies, exercise sound judgment, effectively manage stress and work safely and respectfully with others, exhibit trustworthiness and professionalism, and safeguard business operations and the Company’s reputation. Pursuant to the Los Angeles County Fair Chance Ordinance, we will consider for employment qualified applicants with arrest and conviction records.
  
  
Our inclusive culture empowers Amazonians to deliver the best results for our customers. If you have a disability and need a workplace accommodation or adjustment during the application and hiring process, including support for the interview or onboarding process, please visit https://amazon.jobs/content/en/how-we-hire/accommodations for more information. If the country/region you’re applying in isn’t listed, please contact your Recruiting Partner.
  
  
The base salary range for this position is listed below. For salaried roles, your Amazon package will include listed sign-on payments and restricted stock units (RSUs). Final compensation will be determined based on factors including experience, qualifications, and location. Amazon also offers comprehensive benefits including health insurance (medical, dental, vision, prescription, Basic Life & AD&D insurance and option for Supplemental life plans, EAP, Mental Health Support, Medical Advice Line, Flexible Spending Accounts, Adoption and Surrogacy Reimbursement coverage), 401(k) matching, paid time off, and parental leave. Learn more about our benefits at https://amazon.jobs/en/benefits/us-benefits-and-stock.
  
  
Colorado $143,700 - $194,400 annually
  
  
National $129,300 - $223,600 annually
  
  
  
**Company**
- Amazon Development Center U.S., Inc.
  
  
Job ID: A2994349","IT Services and IT Consulting","https://www.linkedin.com/company/amazon-web-services","https://media.licdn.com/dms/image/v2/D4E0BAQFqdm1TZ-RZKQ/company-logo_100_100/B4EZgOay6gHEAY-/0/1752588562343/amazon_web_services_logo?e=2147483647&v=beta&t=813v--p_AS7bme1J7PlAyB2BEU4-c9ba9AUzyuGb5Wg","","","","","","","","","","",""
"li-4410795849","linkedin","https://www.linkedin.com/jobs/view/4410795849","","Software Development Engineer, Global Real Estate and Facilities Tech","Amazon","Seattle, WA","","fulltime","","","","","",False,"mid-senior level","Information Technology, Consulting, and Engineering","","","**Description**
Are you a creative technologist passionate about developing systems that shape how modern workplaces operate? Our Global Real Estate and Facilities (GREF) Tech team is seeking an exceptional software development engineer to help design transformative technologies that support Amazon's global facilities across more than 60 countries.
  
  
We are seeking a passionate software development engineer who can help us create the next generation of real estate systems and support the GREF organization. The ideal candidate for this role will be a self-starter and is comfortable with ambiguity, and excel at building highly scalable solutions. They will enjoy learning, implementing new technologies, and will be ambitious in implementing it in suitable situations. A Software Development Engineer (SDE) at Amazon works on real world problems on a global scale, owns their systems end to end and influences the direction of our technology that impacts hundreds of millions of customers around the world.
  
  
Coming to Amazon gives you the opportunity to work on development teams in one of our many rapidly growing organizations. Come join us in making history!
  
  
Key job responsibilities
  
  

* Design and develop scalable, multi-tiered software applications using modern programming languages and frameworks
* Lead engineering best practices and leverage data to continuously improve operational strategies
* Drive architectural decisions and elevate code quality, focusing on security, readability, and maintainability
* Implement innovative solutions that support global real estate management systems
* Collaborate across teams to create integrated, high-impact technological solutions

A day in the life
  
  
Your day will be filled with exciting challenges that push technological boundaries. You'll collaborate with innovative teams to design scalable software solutions, architect complex systems, and implement breakthrough technologies that simplify corporate real estate management.
  
  
**About The Team**
The GREF Tech team, part of Finance Automation, is the software development team for GREF. This team develops services, products, and tools to enable Amazon's corporate real estate team to build and operate the company's global facilities in more than 60 countries. We are tasked with building systems that deliver a seamless, adaptive, and creative workspace experience. Our mission is to create technology that simplifies the processes Amazon employs to manage its corporate real estate. Our teams builds services and products that support various GREF domains, including space and occupancy planning, design and construction, employee health and safety, sustainability, and building management systems requiring IoT expertise.
  
  
The team uses a GenAI-forward development approach — AI pair programming, spec-driven code generation, and test-driven AI workflows are part of how we build daily. You'll both integrate AI capabilities into our products and use them to ship faster
  
  
**Basic Qualifications**

* 3+ years of non-internship professional software development experience
* Experience programming with at least one software programming language

**Preferred Qualifications**

* Bachelor's degree in computer science or equivalent
* Demonstrated usage of generative AI tools to enhance workflow efficiency, with a willingness to learn effective prompting and evaluation practices
* Ability to recognize opportunities where generative AI could enhance products, workflows, or customer experiences

Amazon is an equal opportunity employer and does not discriminate on the basis of protected veteran status, disability, or other legally protected status.
  
  
Our inclusive culture empowers Amazonians to deliver the best results for our customers. If you have a disability and need a workplace accommodation or adjustment during the application and hiring process, including support for the interview or onboarding process, please visit https://amazon.jobs/content/en/how-we-hire/accommodations for more information. If the country/region you’re applying in isn’t listed, please contact your Recruiting Partner.
  
  
The base salary range for this position is listed below. Your Amazon package will include sign-on payments and restricted stock units (RSUs). Final compensation will be determined based on factors including experience, qualifications, and location. Amazon also offers comprehensive benefits including health insurance (medical, dental, vision, prescription, Basic Life & AD&D insurance and option for Supplemental life plans, EAP, Mental Health Support, Medical Advice Line, Flexible Spending Accounts, Adoption and Surrogacy Reimbursement coverage), 401(k) matching, paid time off, and parental leave. Learn more about our benefits at https://amazon.jobs/en/benefits.
  
  
USA, WA, Seattle - 143,700.00 - 194,400.00 USD annually
  
  
  
**Company**
- Amazon.com Services LLC
  
  
Job ID: A10411527","Software Development","https://www.linkedin.com/company/amazon","https://media.licdn.com/dms/image/v2/D560BAQGDLy4STCnHbg/company-logo_100_100/B56ZnZxDipI0AQ-/0/1760295142304/amazon_logo?e=2147483647&v=beta&t=qIUP7OofXIuuuVACb5ToeWH9PHXrPYsS8jsTZ3Q0sUg","","","","","","","","","","",""
"li-4419909679","linkedin","https://www.linkedin.com/jobs/view/4419909679","","Software Development Engineer, Amazon Neptune","Amazon Web Services (AWS)","Seattle, WA","","fulltime","","","","","",False,"mid-senior level","Information Technology, Consulting, and Engineering","","","**Description**
Amazon Neptune is a fast, scalable, fully-managed graph database service that makes it easy to build and run applications that work with highly connected datasets. The core of Amazon Neptune is a purpose-built, high-performance graph database engine optimized for storing hundreds of billions of relationships and querying with milliseconds latency, allowing you to easily build queries that efficiently navigate highly connected datasets. Neptune works actively with the Apache TinkerPop Gremlin open-source project.
  
  
Neptune powers graph use cases such as recommendation engines, fraud detection, knowledge graphs, drug discovery, network security, and many more. Amazon Neptune is built for cloud scalability, durability, availability, and performance.
  
  
To learn more about Amazon Neptune visit: https://aws.amazon.com/neptune/
  
  
Key job responsibilities
  
  
We are looking for an experienced, self-motivated software development engineer who is excited to solve database problems and proficient in C++ or similar languages. You will design and deliver new algorithms and features that drive Neptune's high availability, reliability and performance guarantees to AWS customers. You will participate in project execution to develop cutting-edge database service capabilities while working with amazing team members.
  
  
A day in the life
  
  
As You Design And Code Solutions To Help Our Team Drive Efficiencies In Software Architecture, You’ll Create Metrics, Implement Automation And Other Improvements, And Resolve The Root Cause Of Software Defects. You’ll Also
  
  
Build high-impact solutions to deliver to our large customer base.
  
  
Participate in design discussions, code review, and communicate with internal and external stakeholders.
  
  
Work cross-functionally to help drive business decisions with your technical input.
  
  
Work in a startup-like development environment, where you’re always working on the most important stuff.
  
  
**About The Team**
Our team is dedicated to supporting new members. We have a broad mix of experience levels and tenures, and we’re building an environment that celebrates knowledge sharing and mentorship. Our senior members enjoy one-on-one mentoring and thorough, but kind, code reviews. We care about your career growth and strive to assign projects based on what will help each team member develop into a better-rounded engineer and enable them to take on more complex tasks in the future.
  
  
Diverse Experiences
  
  
AWS values diverse experiences. Even if you do not meet all of the qualifications and skills listed in the job description, we encourage candidates to apply. If your career is just starting, hasn’t followed a traditional path, or includes alternative experiences, don’t let it stop you from applying.
  
  
**About AWS**
Amazon Web Services (AWS) is the world’s most comprehensive and broadly adopted cloud platform. We pioneered cloud computing and never stopped innovating — that’s why customers from the most successful startups to Global 500 companies trust our robust suite of products and services to power their businesses.
  
  
Inclusive Team Culture
  
  
Here at AWS, it’s in our nature to learn and be curious. Our employee-led affinity groups foster a culture of inclusion that empower us to be proud of our differences. Ongoing events and learning experiences, including our Conversations on Race and Ethnicity (CORE) and AmazeCon (gender diversity) conferences, inspire us to never stop embracing our uniqueness.
  
  
Work/Life Balance
  
  
We value work-life harmony. Achieving success at work should never come at the expense of sacrifices at home, which is why we strive for flexibility as part of our working culture. When we feel supported in the workplace and at home, there’s nothing we can’t achieve in the cloud.
  
  
Mentorship & Career Growth
  
  
We’re continuously raising our performance bar as we strive to become Earth’s Best Employer. That’s why you’ll find endless knowledge-sharing, mentorship and other career-advancing resources here to help you develop into a better-rounded professional.
  
  
**Basic Qualifications**

* 3+ years of non-internship professional software development experience
* 2+ years of non-internship design or architecture (design patterns, reliability and scaling) of new and existing systems experience
* 1+ years of experience in C++, Rust, Related programming language
* Knowledge of database internals, query planning and optimization and/or storage performance and efficiency

**Preferred Qualifications**

* 3+ years of full software development life cycle, including coding standards, code reviews, source control management, build processes, testing, and operations experience
* Bachelor's degree in computer science or equivalent

Amazon is an equal opportunity employer and does not discriminate on the basis of protected veteran status, disability, or other legally protected status.
  
  
Our inclusive culture empowers Amazonians to deliver the best results for our customers. If you have a disability and need a workplace accommodation or adjustment during the application and hiring process, including support for the interview or onboarding process, please visit https://amazon.jobs/content/en/how-we-hire/accommodations for more information. If the country/region you’re applying in isn’t listed, please contact your Recruiting Partner.
  
  
The base salary range for this position is listed below. Your Amazon package will include sign-on payments and restricted stock units (RSUs). Final compensation will be determined based on factors including experience, qualifications, and location. Amazon also offers comprehensive benefits including health insurance (medical, dental, vision, prescription, Basic Life & AD&D insurance and option for Supplemental life plans, EAP, Mental Health Support, Medical Advice Line, Flexible Spending Accounts, Adoption and Surrogacy Reimbursement coverage), 401(k) matching, paid time off, and parental leave. Learn more about our benefits at https://amazon.jobs/en/benefits.
  
  
USA, WA, Seattle - 143,700.00 - 194,400.00 USD annually
  
  
  
**Company**
- Amazon.com Services LLC
  
  
Job ID: A10431598","IT Services and IT Consulting","https://www.linkedin.com/company/amazon-web-services","https://media.licdn.com/dms/image/v2/D4E0BAQFqdm1TZ-RZKQ/company-logo_100_100/B4EZgOay6gHEAY-/0/1752588562343/amazon_web_services_logo?e=2147483647&v=beta&t=813v--p_AS7bme1J7PlAyB2BEU4-c9ba9AUzyuGb5Wg","","","","","","","","","","",""
